<?xml version="1.0" encoding="UTF-8"?>
<!DOCTYPE hibernate-mapping PUBLIC "-//Hibernate/Hibernate Mapping DTD 3.0//EN" "http://www.hibernate.org/dtd/hibernate-mapping-3.0.dtd">
<!-- Generated 01-mar-2023 14:15:12 by Hibernate Tools 4.3.1 -->
<hibernate-mapping>
  <class name="model.Cuenta" optimistic-lock="version" schema="JAVA22" table="CUENTA">
    <id name="codigo" type="int">
      <column name="CODIGO"/>
      <generator class="assigned"/>
    </id>
    <property name="email" type="string">
      <column length="20" name="EMAIL"/>
    </property>
    <property name="fechaalta" type="date">
      <column length="10" name="FECHAALTA"/>
    </property>
    <property name="maximomensajes" type="java.lang.Integer">
      <column name="MAXIMOMENSAJES"/>
    </property>
    <property name="costemensajeextra" type="big_decimal">
      <column name="COSTEMENSAJEEXTRA" precision="6"/>
    </property>
    <property name="usunumero" type="java.lang.Integer">
      <column name="USUNUMERO"/>
    </property>
  </class>
</hibernate-mapping>
