<?xml version="1.0" encoding="UTF-8"?>
<project-private xmlns="http://www.netbeans.org/ns/project-private/1">
    <editor-bookmarks xmlns="http://www.netbeans.org/ns/editor-bookmarks/2" lastBookmarkId="0"/>
    <open-files xmlns="http://www.netbeans.org/ns/projectui-open-files/2">
        <group>
            <file>file:/home/alumno/Documentos/Ejemplo_completo/WebApplication_Hibernate_login_show_session/web/index.jsp</file>
            <file>file:/home/alumno/Documentos/Ejemplo_completo/WebApplication_Hibernate_login_show_session/web/css/principal.css</file>
            <file>file:/home/alumno/Documentos/Ejemplo_completo/WebApplication_Hibernate_login_show_session/web/tabla.jsp</file>
            <file>file:/home/alumno/Documentos/Ejemplo_completo/WebApplication_Hibernate_login_show_session/web/css/articulo.css</file>
            <file>file:/home/alumno/Documentos/Ejemplo_completo/WebApplication_Hibernate_login_show_session/web/articulo.jsp</file>
            <file>file:/home/alumno/Documentos/Ejemplo_completo/WebApplication_Hibernate_login_show_session/web/css/index.css</file>
            <file>file:/home/alumno/Documentos/Ejemplo_completo/WebApplication_Hibernate_login_show_session/web/principal.jsp</file>
            <file>file:/home/alumno/Documentos/Ejemplo_completo/WebApplication_Hibernate_login_show_session/web/detalle.jsp</file>
            <file>file:/home/alumno/Documentos/Ejemplo_completo/WebApplication_Hibernate_login_show_session/web/css/tabla.css</file>
        </group>
    </open-files>
</project-private>
